{
    "cameraMatrix": [
        [1030.9745537571698,0.0,256.4145431038808],
        [0.0,900.9679778159325,347.4033097655765],
        [0.0,0.0,1.0]
    ],
    "distCoeffs": [
        [
            -2.0101589465437617,
            31.04665551774821,
            0.020982995412983322,
            0.10283432240983159,
            -165.9638781806581
        ]
    ]
}