{
    "cameraMatrix": [
        [438.1808005145256,0.0,378.21144657860515],
        [0.0,438.4116876383806,265.04018325065715],
        [0.0,0.0,1.0]
    ],
    "distCoeffs": [
        [
            0.31894127058223576, 0.18456757963829049, -0.08961534377993376, 0.09235763857396696
        ]
    ]
}